username,age_days,followers,following,posts_per_day,profile_completeness,avg_likes,avg_comments,archetype
user_normal_135,1116,674,293,2.92,97.6,32.2,2.7,NORMAL
influencer_95,1558,386565,1213,5.18,95.0,35538.3,5833.0,INFLUENCER
user_suspicious_122,20,50,2486,67.81,33.1,0.3,0.0,SUSPICIOUS
user_suspicious_58,121,9,2617,73.66,33.8,0.1,0.0,SUSPICIOUS
user_suspicious_135,158,97,1446,15.01,44.6,1.2,0.0,SUSPICIOUS
user_suspicious_59,18,25,4559,71.75,40.9,0.4,0.0,SUSPICIOUS
user_normal_178,951,984,1316,2.81,76.9,33.6,2.4,NORMAL
user_suspicious_184,99,46,1687,47.5,47.0,0.3,0.0,SUSPICIOUS
user_normal_352,725,4236,5088,1.36,88.4,232.3,25.0,NORMAL
user_new_29,55,147,194,1.08,85.0,13.2,1.9,NEW_LEGITIMATE
user_new_144,1,182,175,2.12,69.7,16.2,2.1,NEW_LEGITIMATE
user_normal_279,957,4837,6575,4.98,71.7,365.7,54.3,NORMAL
edge_both_zero,50,0,0,2.0,50.0,0.0,0.0,EDGE_CASE
user_suspicious_173,101,96,3972,60.11,27.3,0.7,0.0,SUSPICIOUS
user_new_11,22,102,233,3.03,84.2,4.3,0.3,NEW_LEGITIMATE
user_normal_264,295,761,502,1.29,90.7,27.5,2.8,NORMAL
incomplete_36,121,624,58,9.03,3.1,20.7,1.0,INCOMPLETE_PROFILE
user_normal_341,888,4502,4924,1.42,85.7,193.5,25.0,NORMAL
user_normal_343,1413,4663,3575,4.07,79.5,413.0,58.1,NORMAL
user_normal_27,377,2030,2849,4.09,74.5,123.1,14.7,NORMAL
user_normal_3,1617,2533,1265,4.96,88.5,174.6,8.9,NORMAL
user_normal_291,955,4126,2297,1.52,96.7,231.3,32.0,NORMAL
bot_like_1,20,15,3198,146.62,25.4,0.0,0.0,BOT_LIKE
low_engagement_3,165,4826,815,4.17,69.0,23.4,0.1,LOW_ENGAGEMENT
user_suspicious_175,99,28,4741,61.44,34.5,0.1,0.0,SUSPICIOUS
user_normal_269,1866,1701,2458,0.89,98.1,109.4,8.8,NORMAL
user_normal_40,1576,2665,2196,3.86,98.6,123.8,13.0,NORMAL
user_new_98,59,109,78,2.59,90.3,12.6,0.8,NEW_LEGITIMATE
user_suspicious_117,98,9,2656,73.13,45.8,0.1,0.0,SUSPICIOUS
user_suspicious_82,112,15,1472,79.37,21.0,0.2,0.0,SUSPICIOUS
user_suspicious_51,114,8,4505,19.02,23.7,0.0,0.0,SUSPICIOUS
low_engagement_30,691,3430,942,6.71,84.3,12.8,0.1,LOW_ENGAGEMENT
user_normal_288,923,3904,1509,4.37,81.8,376.7,23.9,NORMAL
bot_like_33,4,10,7743,58.65,16.4,0.0,0.0,BOT_LIKE
bot_like_30,7,34,1709,89.05,39.6,0.0,0.0,BOT_LIKE
user_new_65,22,107,256,1.29,75.1,10.1,1.1,NEW_LEGITIMATE
incomplete_33,81,947,255,7.39,16.8,43.8,1.6,INCOMPLETE_PROFILE
bot_like_80,19,1,4396,46.97,13.9,0.0,0.0,BOT_LIKE
incomplete_18,285,873,712,4.25,30.1,39.3,1.5,INCOMPLETE_PROFILE
user_suspicious_99,137,99,2682,22.62,26.8,0.8,0.0,SUSPICIOUS
influencer_52,665,485859,1698,1.74,93.0,43522.2,6684.1,INFLUENCER
influencer_35,2995,439145,325,5.82,93.3,32577.5,4271.5,INFLUENCER
user_suspicious_84,30,29,3471,23.48,42.6,0.3,0.0,SUSPICIOUS
influencer_11,1827,186284,1545,6.13,98.1,22778.5,2456.0,INFLUENCER
bot_like_10,6,25,1155,61.53,24.2,0.0,0.0,BOT_LIKE
user_normal_123,1172,2812,2242,4.55,81.5,178.5,25.1,NORMAL
user_new_130,73,129,112,3.37,89.5,9.5,0.8,NEW_LEGITIMATE
bot_like_59,8,5,6885,110.03,13.1,0.0,0.0,BOT_LIKE
user_new_147,35,88,24,2.71,90.0,8.8,0.8,NEW_LEGITIMATE
user_suspicious_37,59,94,1634,74.05,38.7,0.9,0.0,SUSPICIOUS
user_normal_59,515,4692,945,3.36,94.0,348.0,37.4,NORMAL
user_normal_17,1757,1584,913,3.36,79.4,96.1,13.5,NORMAL
user_suspicious_63,123,76,1231,78.93,30.4,1.5,0.0,SUSPICIOUS
user_suspicious_18,160,56,3655,78.25,50.4,1.1,0.0,SUSPICIOUS
bot_like_5,27,21,7535,44.96,38.8,0.1,0.0,BOT_LIKE
user_normal_255,710,3783,3323,4.14,93.0,121.0,11.2,NORMAL
influencer_67,1218,292260,335,3.43,99.0,41578.2,5832.8,INFLUENCER
influencer_33,2243,372908,645,4.15,93.0,46453.8,8320.5,INFLUENCER
bot_like_2,13,19,1413,103.81,15.3,0.0,0.0,BOT_LIKE
influencer_61,786,116311,1741,5.67,91.5,16901.4,2810.9,INFLUENCER
user_normal_390,1583,4100,1993,2.19,75.0,223.2,14.3,NORMAL
user_normal_5,1137,2834,3055,1.4,85.4,191.0,10.4,NORMAL
user_new_68,8,50,166,2.58,61.1,4.4,0.4,NEW_LEGITIMATE
user_normal_13,1266,491,724,4.06,88.2,46.2,5.3,NORMAL
low_engagement_20,513,2545,623,4.98,73.5,4.4,0.0,LOW_ENGAGEMENT
user_suspicious_114,164,24,694,31.49,50.3,0.1,0.0,SUSPICIOUS
user_new_31,17,110,47,3.53,76.7,4.4,0.5,NEW_LEGITIMATE
influencer_64,2609,370466,741,1.85,95.8,25331.9,3024.8,INFLUENCER
incomplete_32,463,650,682,5.13,7.3,20.3,0.7,INCOMPLETE_PROFILE
user_suspicious_8,150,87,2178,28.27,21.7,1.0,0.0,SUSPICIOUS
user_normal_368,1627,2479,2535,2.46,93.2,169.0,23.5,NORMAL
user_new_124,19,127,171,2.66,79.5,8.6,0.8,NEW_LEGITIMATE
user_normal_347,1463,1023,1175,4.91,89.7,31.1,3.7,NORMAL
user_suspicious_191,7,34,2852,19.06,39.4,0.1,0.0,SUSPICIOUS
user_normal_358,1067,2697,191,4.39,86.4,136.0,20.1,NORMAL
user_normal_4,1036,574,108,2.3,71.4,56.2,4.1,NORMAL
influencer_53,984,21549,1684,7.29,92.9,2601.6,286.9,INFLUENCER
user_normal_301,292,4088,4116,3.52,79.5,369.3,28.0,NORMAL
low_engagement_14,235,3661,552,3.27,65.0,3.3,0.1,LOW_ENGAGEMENT
user_new_78,65,60,100,3.77,89.0,5.6,0.7,NEW_LEGITIMATE
user_normal_1,1306,960,1344,3.79,88.0,31.2,2.0,NORMAL
user_suspicious_120,173,73,3278,30.62,23.8,0.5,0.0,SUSPICIOUS
low_engagement_6,190,4104,157,2.13,69.0,9.7,0.1,LOW_ENGAGEMENT
user_new_10,63,47,32,3.9,67.7,4.5,0.6,NEW_LEGITIMATE
user_suspicious_115,149,82,4314,16.06,49.2,0.6,0.0,SUSPICIOUS
bot_like_64,15,30,6785,120.37,31.8,0.1,0.0,BOT_LIKE
user_normal_207,1523,4533,1439,4.89,91.7,328.9,41.3,NORMAL
user_suspicious_56,89,70,4470,37.24,37.2,1.2,0.0,SUSPICIOUS
user_new_106,34,49,222,2.11,85.6,4.1,0.5,NEW_LEGITIMATE
user_normal_76,218,3622,4318,0.55,84.1,88.8,5.5,NORMAL
user_new_30,11,26,113,1.44,76.6,2.3,0.3,NEW_LEGITIMATE
bot_like_67,13,26,2564,118.23,28.8,0.1,0.0,BOT_LIKE
low_engagement_2,645,855,639,10.98,81.8,0.5,0.0,LOW_ENGAGEMENT
user_normal_256,760,1684,532,4.41,84.2,105.8,7.2,NORMAL
user_new_97,30,62,153,1.38,83.7,5.8,0.6,NEW_LEGITIMATE
user_suspicious_64,162,35,2087,16.77,40.9,0.2,0.0,SUSPICIOUS
user_normal_169,1301,230,342,2.89,83.2,12.0,1.3,NORMAL
user_new_136,30,139,81,3.45,73.1,12.1,0.7,NEW_LEGITIMATE
user_suspicious_36,17,28,3629,30.41,57.9,0.5,0.0,SUSPICIOUS
user_suspicious_156,110,76,3499,44.35,57.5,1.5,0.1,SUSPICIOUS
user_normal_317,1517,3074,917,2.83,83.2,97.7,8.1,NORMAL
user_new_34,7,45,293,3.08,94.1,1.6,0.2,NEW_LEGITIMATE
user_normal_244,1147,2989,1011,2.59,81.4,266.2,27.1,NORMAL
user_normal_245,633,2047,2726,4.16,73.3,65.3,6.7,NORMAL
user_normal_143,979,4973,1531,4.54,85.8,418.0,61.8,NORMAL
incomplete_11,131,478,751,9.21,7.1,5.0,0.4,INCOMPLETE_PROFILE
user_suspicious_14,176,31,3827,67.17,59.9,0.0,0.0,SUSPICIOUS
user_suspicious_179,48,43,1501,65.22,48.6,0.5,0.0,SUSPICIOUS
user_normal_98,274,3545,949,1.32,80.4,325.2,31.7,NORMAL
user_new_64,20,125,285,3.44,86.3,6.3,0.9,NEW_LEGITIMATE
influencer_37,938,108970,383,2.43,92.0,14176.3,1440.6,INFLUENCER
user_normal_70,1354,1267,618,1.01,97.9,124.1,18.6,NORMAL
user_normal_117,192,3813,1669,1.65,90.4,308.2,33.8,NORMAL
user_normal_316,239,3062,3938,3.36,74.5,231.6,28.9,NORMAL
user_normal_247,606,1104,70,1.38,70.2,79.3,11.1,NORMAL
user_normal_294,1854,4631,4544,4.74,93.5,224.1,20.4,NORMAL
user_normal_60,1748,4100,5102,2.96,98.2,208.6,30.5,NORMAL
bot_like_43,20,34,7065,83.54,26.6,0.1,0.0,BOT_LIKE
bot_like_24,18,38,7074,77.34,36.0,0.0,0.0,BOT_LIKE
user_new_137,79,57,155,1.99,79.2,4.4,0.4,NEW_LEGITIMATE
user_suspicious_75,96,70,1257,35.65,58.7,0.4,0.0,SUSPICIOUS
user_new_42,43,126,154,3.58,83.6,10.0,1.3,NEW_LEGITIMATE
user_normal_252,1287,1575,1848,4.17,81.2,97.8,6.0,NORMAL
user_normal_189,879,656,875,2.59,96.4,13.4,1.8,NORMAL
user_suspicious_129,113,46,1743,73.37,52.4,0.6,0.0,SUSPICIOUS
user_new_138,58,108,230,2.67,86.0,4.9,0.3,NEW_LEGITIMATE
user_new_88,12,135,72,1.57,72.4,11.6,1.0,NEW_LEGITIMATE
incomplete_28,173,766,580,5.57,17.7,14.7,0.7,INCOMPLETE_PROFILE
user_suspicious_177,147,27,3388,52.19,27.2,0.2,0.0,SUSPICIOUS
influencer_79,1647,209271,990,1.72,96.3,29428.4,4979.6,INFLUENCER
user_normal_64,908,3448,2858,2.97,82.7,225.8,24.3,NORMAL
user_normal_174,519,4584,2674,1.57,73.3,221.7,17.5,NORMAL
incomplete_40,58,244,535,8.11,24.7,3.2,0.2,INCOMPLETE_PROFILE
user_new_61,34,138,179,2.29,76.9,12.0,0.7,NEW_LEGITIMATE
user_normal_111,422,2690,1113,3.64,99.9,246.8,26.6,NORMAL
user_suspicious_91,8,73,589,21.2,38.0,0.5,0.0,SUSPICIOUS
user_suspicious_38,16,6,3305,42.95,43.9,0.1,0.0,SUSPICIOUS
user_new_102,27,63,197,0.82,86.2,7.1,0.7,NEW_LEGITIMATE
low_engagement_10,557,1938,168,6.55,76.4,1.5,0.0,LOW_ENGAGEMENT
user_normal_215,1903,4209,5116,3.76,87.8,303.1,29.7,NORMAL
bot_like_9,7,27,6652,143.44,11.7,0.1,0.0,BOT_LIKE
user_normal_28,1974,759,813,3.55,70.5,46.3,3.4,NORMAL
incomplete_13,418,423,610,9.8,38.6,9.1,0.5,INCOMPLETE_PROFILE
user_normal_33,807,4782,1698,1.23,97.0,327.6,16.7,NORMAL
low_engagement_18,635,1095,807,11.78,77.1,0.7,0.0,LOW_ENGAGEMENT
user_suspicious_141,31,8,4122,76.07,50.2,0.1,0.0,SUSPICIOUS
user_normal_400,520,3089,432,1.72,99.0,199.6,16.9,NORMAL
influencer_77,1318,379942,1374,2.97,89.8,54128.1,4695.4,INFLUENCER
user_suspicious_65,129,69,3762,59.77,55.9,1.0,0.0,SUSPICIOUS
user_normal_132,1188,703,848,3.23,82.7,55.5,8.0,NORMAL
user_normal_107,288,1269,160,3.13,92.1,82.0,8.9,NORMAL
user_normal_251,1554,3279,3704,1.83,93.8,114.2,16.2,NORMAL
bot_like_47,10,15,5777,81.84,40.0,0.0,0.0,BOT_LIKE
user_new_24,31,43,267,2.7,61.9,4.2,0.3,NEW_LEGITIMATE
user_normal_365,1873,2415,1108,1.7,93.7,159.1,18.4,NORMAL
user_normal_300,667,3797,2887,1.73,97.8,281.3,28.0,NORMAL
user_normal_72,1277,1053,541,4.4,95.2,57.0,4.1,NORMAL
user_suspicious_78,171,49,3210,69.14,41.6,0.8,0.0,SUSPICIOUS
user_normal_398,1187,1401,117,4.91,84.3,87.7,5.9,NORMAL
user_suspicious_47,17,10,3718,27.5,31.8,0.1,0.0,SUSPICIOUS
user_normal_37,1225,1793,2135,4.91,84.6,165.8,15.5,NORMAL
influencer_55,2716,15499,229,2.07,95.9,1705.3,286.1,INFLUENCER
influencer_28,1398,266433,224,4.13,97.4,30765.7,3979.4,INFLUENCER
user_new_84,6,130,187,0.68,77.7,12.3,1.7,NEW_LEGITIMATE
bot_like_52,26,39,5867,85.68,33.7,0.1,0.0,BOT_LIKE
user_normal_248,972,814,100,0.77,98.0,39.2,2.4,NORMAL
user_suspicious_109,76,94,4796,55.48,52.3,1.6,0.0,SUSPICIOUS
user_normal_350,1598,3090,1949,1.91,77.6,264.3,36.5,NORMAL
user_normal_383,284,301,356,3.17,70.3,21.3,3.0,NORMAL
user_suspicious_100,85,65,2962,33.81,38.7,0.8,0.0,SUSPICIOUS
influencer_71,1189,141827,451,6.92,86.7,10712.9,1921.4,INFLUENCER
user_new_116,25,30,80,1.74,89.0,3.0,0.2,NEW_LEGITIMATE
user_suspicious_142,158,26,2655,74.53,34.4,0.2,0.0,SUSPICIOUS
bot_like_7,6,43,6694,64.83,26.9,0.0,0.0,BOT_LIKE
user_new_117,32,64,55,2.71,73.1,3.5,0.3,NEW_LEGITIMATE
influencer_78,2292,171297,156,4.83,87.5,9659.1,1140.6,INFLUENCER
user_normal_168,581,1566,664,0.67,87.9,60.1,3.7,NORMAL
user_suspicious_61,55,41,1760,53.03,29.1,0.7,0.0,SUSPICIOUS
bot_like_31,15,14,5421,131.26,23.8,0.0,0.0,BOT_LIKE
user_suspicious_144,86,23,1624,42.47,59.8,0.0,0.0,SUSPICIOUS
influencer_82,1557,277956,465,3.17,88.0,39159.2,6705.9,INFLUENCER
user_normal_73,1596,3093,2731,1.16,85.4,119.6,12.9,NORMAL
incomplete_9,419,681,711,1.25,15.0,36.7,1.5,INCOMPLETE_PROFILE
incomplete_16,340,520,422,1.17,5.7,29.1,2.4,INCOMPLETE_PROFILE
user_normal_110,695,3521,3567,1.78,75.2,323.0,18.7,NORMAL
user_new_58,44,146,93,3.25,73.2,11.6,1.5,NEW_LEGITIMATE
user_suspicious_112,78,22,2251,37.16,56.7,0.2,0.0,SUSPICIOUS
influencer_6,2722,41105,1332,4.16,98.0,4234.1,576.5,INFLUENCER
user_new_6,26,57,127,2.19,90.2,4.7,0.4,NEW_LEGITIMATE
influencer_57,1580,316531,377,1.76,97.6,35265.8,4200.1,INFLUENCER
low_engagement_5,695,530,622,3.43,50.5,1.5,0.0,LOW_ENGAGEMENT
user_new_142,79,89,100,2.55,64.7,6.2,0.6,NEW_LEGITIMATE
user_normal_370,1658,2495,2637,1.55,93.6,243.7,18.6,NORMAL
user_suspicious_106,30,88,4367,64.96,29.1,1.2,0.0,SUSPICIOUS
influencer_19,2944,48871,1534,1.0,89.6,3622.1,391.3,INFLUENCER
user_normal_122,1498,4811,3647,4.55,88.7,304.0,28.5,NORMAL
bot_like_22,7,22,6265,131.38,12.4,0.1,0.0,BOT_LIKE
incomplete_38,172,877,380,3.11,0.8,62.8,6.1,INCOMPLETE_PROFILE
user_suspicious_180,125,77,978,15.9,46.0,1.1,0.0,SUSPICIOUS
user_suspicious_121,75,43,4578,78.49,36.2,0.1,0.0,SUSPICIOUS
user_suspicious_41,57,56,3196,69.55,26.4,0.1,0.0,SUSPICIOUS
user_suspicious_13,128,88,1441,57.84,28.4,1.5,0.1,SUSPICIOUS
user_normal_32,188,3270,1732,3.77,96.9,297.5,38.1,NORMAL
user_normal_160,1137,4560,6172,2.0,93.1,130.1,7.5,NORMAL
user_normal_265,625,732,104,3.9,80.4,53.6,6.9,NORMAL
user_new_135,64,49,78,2.97,73.1,3.1,0.2,NEW_LEGITIMATE
user_normal_175,503,245,342,0.69,70.5,24.3,2.3,NORMAL
user_normal_306,882,1753,2116,1.18,72.8,116.0,16.0,NORMAL
user_normal_142,293,3393,996,1.2,75.5,301.8,43.6,NORMAL
user_normal_187,219,4030,2046,1.7,96.4,337.7,39.1,NORMAL
user_suspicious_133,11,96,2976,22.83,43.4,1.9,0.0,SUSPICIOUS
user_normal_131,862,3631,4501,4.63,93.7,79.3,9.1,NORMAL
low_engagement_12,261,1148,597,2.16,71.6,5.5,0.2,LOW_ENGAGEMENT
influencer_38,2526,82902,112,3.4,95.3,4355.2,709.1,INFLUENCER
user_normal_393,1109,3859,3749,3.11,86.8,109.7,7.3,NORMAL
bot_like_46,5,39,3833,106.68,12.4,0.1,0.0,BOT_LIKE
user_suspicious_174,75,42,1401,16.56,43.4,0.8,0.0,SUSPICIOUS
user_suspicious_4,61,47,2758,71.45,35.2,0.4,0.0,SUSPICIOUS
user_new_94,41,186,238,2.32,62.6,15.7,1.6,NEW_LEGITIMATE
user_new_48,75,74,68,3.82,71.8,7.0,0.7,NEW_LEGITIMATE
bot_like_40,13,10,7496,77.61,22.9,0.0,0.0,BOT_LIKE
user_new_54,48,193,206,3.93,79.9,10.3,1.0,NEW_LEGITIMATE
bot_like_29,12,17,6315,78.61,10.1,0.1,0.0,BOT_LIKE
user_suspicious_32,150,42,2794,52.13,25.7,0.3,0.0,SUSPICIOUS
user_normal_179,932,2653,2356,4.22,94.0,186.7,13.4,NORMAL
influencer_47,2862,466672,909,4.87,89.5,43440.5,5102.7,INFLUENCER
user_normal_263,237,441,179,4.97,89.9,28.5,3.5,NORMAL
user_suspicious_74,68,44,686,16.9,56.3,0.2,0.0,SUSPICIOUS
user_new_74,58,59,49,1.64,84.9,6.1,0.4,NEW_LEGITIMATE
user_suspicious_167,54,26,4579,64.98,59.8,0.0,0.0,SUSPICIOUS
user_new_36,54,147,72,1.44,89.2,4.6,0.4,NEW_LEGITIMATE
user_suspicious_79,4,97,3466,47.53,37.4,0.6,0.0,SUSPICIOUS
user_new_26,6,78,176,3.76,88.9,3.3,0.3,NEW_LEGITIMATE
user_normal_325,367,1719,1737,2.62,70.4,73.3,4.0,NORMAL
user_normal_241,1685,1100,1352,2.46,94.5,32.6,3.4,NORMAL
user_suspicious_52,119,18,3296,44.04,40.1,0.1,0.0,SUSPICIOUS
user_normal_387,1999,2424,1511,4.33,82.1,63.5,6.6,NORMAL
user_normal_55,333,1779,1046,1.04,80.3,48.6,2.9,NORMAL
incomplete_23,310,324,748,1.17,27.6,24.7,1.8,INCOMPLETE_PROFILE
influencer_91,2416,287342,947,6.02,99.6,25205.7,4441.8,INFLUENCER
user_normal_312,311,1504,1205,3.75,96.6,101.4,9.0,NORMAL
user_suspicious_197,123,7,4329,34.96,54.4,0.1,0.0,SUSPICIOUS
influencer_44,521,346606,231,7.66,96.1,38037.6,7063.9,INFLUENCER
user_normal_307,1432,461,235,0.54,77.4,36.0,5.4,NORMAL
user_normal_14,1231,300,377,2.52,72.9,14.9,1.7,NORMAL
user_suspicious_43,155,66,1844,54.7,28.0,0.1,0.0,SUSPICIOUS
user_normal_97,384,3918,4188,1.58,72.3,118.8,7.5,NORMAL
user_normal_126,1176,1050,338,0.65,87.1,85.0,11.7,NORMAL
user_normal_30,1982,4161,3419,1.66,89.8,355.3,37.5,NORMAL
user_new_109,6,116,201,3.51,61.2,11.7,1.1,NEW_LEGITIMATE
user_normal_373,1652,4636,2190,2.63,88.7,266.9,25.3,NORMAL
influencer_14,2270,250489,571,1.27,90.9,32623.7,3945.8,INFLUENCER
user_normal_322,889,4020,1950,4.02,71.7,354.6,25.7,NORMAL
user_suspicious_96,22,56,4519,35.27,24.9,0.2,0.0,SUSPICIOUS
user_suspicious_22,22,6,4626,34.66,42.5,0.1,0.0,SUSPICIOUS
user_normal_68,624,4271,4410,1.94,98.5,410.2,44.0,NORMAL
influencer_7,1121,155698,1608,6.74,94.7,14308.2,1931.1,INFLUENCER
user_normal_377,362,3212,4542,3.54,71.3,180.0,25.7,NORMAL
user_new_20,53,48,252,1.27,61.2,2.4,0.2,NEW_LEGITIMATE
user_normal_148,1488,4277,563,4.6,88.7,200.5,26.6,NORMAL
user_new_126,1,171,112,2.36,64.0,14.5,0.9,NEW_LEGITIMATE
influencer_16,2186,406025,965,4.23,99.8,39921.7,7921.6,INFLUENCER
influencer_27,2235,442941,1104,3.75,93.2,29228.8,4762.8,INFLUENCER
influencer_9,2737,361300,1783,1.01,90.6,38686.6,5317.3,INFLUENCER
user_normal_346,1727,4058,5298,2.38,99.5,298.0,33.8,NORMAL
user_normal_384,1580,870,1157,3.37,92.2,54.3,7.2,NORMAL
user_suspicious_44,95,21,2004,30.4,47.1,0.2,0.0,SUSPICIOUS
user_normal_84,1404,2608,2829,1.72,74.0,68.1,9.8,NORMAL
user_new_141,57,49,256,1.25,74.9,5.5,0.6,NEW_LEGITIMATE
user_suspicious_157,112,82,919,38.28,59.6,1.1,0.1,SUSPICIOUS
influencer_49,2163,478013,401,4.81,85.6,59504.3,7944.7,INFLUENCER
user_normal_82,1151,767,422,1.75,75.6,43.8,3.7,NORMAL
user_new_35,54,191,84,3.62,70.1,12.1,0.7,NEW_LEGITIMATE
user_normal_50,1823,104,152,0.88,71.6,6.5,0.7,NORMAL
user_normal_338,258,1849,2725,4.42,77.2,103.7,15.4,NORMAL
user_new_113,79,138,22,1.93,82.9,7.4,0.5,NEW_LEGITIMATE
bot_like_4,10,32,5137,69.51,11.6,0.1,0.0,BOT_LIKE
user_suspicious_49,105,64,2017,66.64,31.1,0.2,0.0,SUSPICIOUS
user_suspicious_77,30,78,3801,49.53,47.1,0.7,0.0,SUSPICIOUS
user_normal_285,840,1000,114,1.96,95.0,70.3,4.9,NORMAL
user_new_91,87,23,234,1.96,86.3,0.9,0.1,NEW_LEGITIMATE
influencer_93,2362,346643,1984,5.26,91.7,43065.9,4625.3,INFLUENCER
user_normal_198,695,138,64,4.08,90.8,5.2,0.3,NORMAL
user_normal_259,1956,3451,4845,4.18,88.1,162.1,22.8,NORMAL
user_normal_271,521,343,61,4.69,73.5,29.3,2.6,NORMAL
user_suspicious_30,95,58,3703,78.07,57.3,0.9,0.0,SUSPICIOUS
user_normal_188,532,1804,412,1.57,97.9,51.4,6.2,NORMAL
user_normal_266,1859,336,328,2.3,74.6,33.4,4.8,NORMAL
user_suspicious_81,41,87,2963,58.62,52.2,1.7,0.0,SUSPICIOUS
influencer_26,2092,106426,1396,6.74,98.3,7441.5,849.1,INFLUENCER
user_new_67,71,163,59,1.9,86.7,17.0,2.4,NEW_LEGITIMATE
user_normal_201,1460,4765,4013,3.76,92.4,171.7,23.5,NORMAL
user_normal_351,1165,4179,3398,1.01,72.6,324.0,29.8,NORMAL
user_normal_184,1598,1054,1299,2.34,81.2,43.0,5.3,NORMAL
user_normal_146,275,1411,501,4.75,74.2,74.1,6.1,NORMAL
user_normal_356,712,1436,998,3.44,98.1,128.8,16.3,NORMAL
user_normal_355,1034,739,240,2.03,96.0,27.5,2.4,NORMAL
user_new_1,63,33,144,2.05,81.9,2.4,0.2,NEW_LEGITIMATE
user_new_4,11,63,192,2.1,61.3,6.1,0.6,NEW_LEGITIMATE
user_suspicious_110,66,69,3979,47.02,45.3,1.1,0.0,SUSPICIOUS
user_new_8,81,188,238,1.93,89.0,18.6,2.0,NEW_LEGITIMATE
low_engagement_9,421,4177,360,7.85,59.3,1.1,0.0,LOW_ENGAGEMENT
user_normal_170,676,3687,5518,3.48,92.1,227.2,21.1,NORMAL
user_normal_268,1364,1112,833,2.78,74.8,27.9,1.7,NORMAL
user_new_132,30,66,251,0.55,69.8,3.2,0.2,NEW_LEGITIMATE
user_new_127,29,48,147,3.93,77.9,1.9,0.2,NEW_LEGITIMATE
user_normal_36,1595,1318,450,1.89,86.3,80.0,9.1,NORMAL
influencer_10,1814,140744,1957,1.0,98.7,18914.3,3197.9,INFLUENCER
user_new_14,37,10,56,0.52,92.8,1.0,0.1,NEW_LEGITIMATE
user_normal_106,1476,225,74,4.51,87.8,16.7,2.2,NORMAL
user_normal_227,480,3474,3516,4.48,83.3,161.4,15.3,NORMAL
user_normal_246,1154,3471,2880,2.27,86.5,276.8,33.6,NORMAL
user_suspicious_190,15,93,2015,73.3,53.8,0.4,0.0,SUSPICIOUS
user_normal_176,996,1063,1213,4.8,93.9,43.3,4.7,NORMAL
bot_like_51,15,32,7297,90.84,27.2,0.1,0.0,BOT_LIKE
user_normal_51,1002,4464,4515,2.82,79.7,373.3,28.8,NORMAL
bot_like_73,12,45,3892,55.41,14.3,0.2,0.0,BOT_LIKE
user_normal_125,1218,2135,527,4.52,93.7,68.6,5.6,NORMAL
low_engagement_27,142,3407,966,5.83,79.3,14.8,0.3,LOW_ENGAGEMENT
user_normal_88,1002,4713,4621,4.16,100.0,470.0,49.6,NORMAL
user_suspicious_132,89,58,2663,58.92,35.8,0.9,0.0,SUSPICIOUS
bot_like_61,6,26,6817,98.73,14.1,0.1,0.0,BOT_LIKE
user_normal_134,746,2808,3552,0.75,80.1,236.5,11.9,NORMAL
user_new_49,31,183,261,2.92,92.6,13.7,1.0,NEW_LEGITIMATE
bot_like_35,4,37,2191,115.99,20.8,0.1,0.0,BOT_LIKE
user_suspicious_28,48,22,3459,36.34,38.2,0.3,0.0,SUSPICIOUS
user_new_25,26,27,115,2.58,91.4,2.2,0.2,NEW_LEGITIMATE
influencer_60,1397,308254,1510,2.38,88.2,16691.9,1980.5,INFLUENCER
user_new_79,70,10,186,3.48,72.1,0.3,0.0,NEW_LEGITIMATE
user_normal_43,865,3963,4771,3.27,99.7,123.7,12.6,NORMAL
user_normal_216,1446,2269,3268,4.89,80.1,78.4,10.1,NORMAL
user_normal_330,378,1549,945,3.31,84.8,152.4,9.8,NORMAL
user_normal_361,1276,2910,1581,3.36,83.5,109.1,6.8,NORMAL
user_suspicious_31,166,96,552,33.11,28.7,0.4,0.0,SUSPICIOUS
influencer_31,912,86396,666,3.75,99.2,5539.7,950.7,INFLUENCER
user_normal_185,1805,1013,503,4.83,73.3,92.7,13.8,NORMAL
user_suspicious_16,119,16,4356,70.42,57.5,0.0,0.0,SUSPICIOUS
user_normal_57,1492,1857,406,2.29,88.5,131.5,7.2,NORMAL
user_new_134,79,29,240,2.46,71.2,1.4,0.1,NEW_LEGITIMATE
user_normal_296,1426,3819,3889,1.53,99.3,280.3,14.3,NORMAL
user_normal_172,1477,3910,863,2.08,93.0,203.9,20.0,NORMAL
incomplete_4,78,150,543,7.23,27.0,11.8,1.2,INCOMPLETE_PROFILE
user_new_87,78,193,133,3.41,91.7,6.0,0.7,NEW_LEGITIMATE
influencer_63,1247,423440,879,1.4,87.6,51127.3,8457.1,INFLUENCER
user_normal_48,1901,674,239,1.79,87.7,15.1,0.8,NORMAL
user_new_95,35,11,143,2.42,84.1,0.5,0.1,NEW_LEGITIMATE
user_normal_319,1199,1936,210,2.4,89.1,160.4,9.9,NORMAL
user_new_13,8,35,132,0.81,60.1,1.2,0.1,NEW_LEGITIMATE
user_suspicious_160,68,50,2531,77.19,44.0,0.7,0.0,SUSPICIOUS
user_new_125,19,83,194,3.14,67.1,4.9,0.5,NEW_LEGITIMATE
user_suspicious_194,152,79,3954,22.8,32.5,1.3,0.1,SUSPICIOUS
user_suspicious_186,85,27,4240,34.72,51.3,0.4,0.0,SUSPICIOUS
user_new_81,76,121,194,2.02,79.2,7.0,0.7,NEW_LEGITIMATE
low_engagement_22,348,2503,202,5.39,69.7,2.8,0.1,LOW_ENGAGEMENT
influencer_42,1482,464823,1053,6.19,93.2,64353.8,9426.5,INFLUENCER
user_suspicious_147,166,41,1709,43.77,21.9,0.7,0.0,SUSPICIOUS
user_normal_91,1551,1674,2251,2.74,84.3,144.8,11.7,NORMAL
user_new_51,38,71,105,3.16,79.1,3.3,0.3,NEW_LEGITIMATE
user_suspicious_50,28,5,2461,37.32,53.4,0.1,0.0,SUSPICIOUS
user_normal_150,1429,3677,2951,4.01,73.4,240.0,35.6,NORMAL
user_normal_202,971,1909,1344,2.62,86.3,62.5,4.4,NORMAL
user_new_45,5,65,115,2.78,82.6,5.2,0.7,NEW_LEGITIMATE
user_new_72,60,63,157,1.2,67.1,1.9,0.2,NEW_LEGITIMATE
user_suspicious_42,9,36,2306,45.27,50.9,0.7,0.0,SUSPICIOUS
user_normal_66,216,3951,3490,3.56,92.2,154.3,13.5,NORMAL
user_new_73,51,95,57,3.06,82.4,6.4,0.8,NEW_LEGITIMATE
user_suspicious_34,169,35,3309,48.93,43.6,0.5,0.0,SUSPICIOUS
bot_like_32,10,3,1508,53.89,20.4,0.0,0.0,BOT_LIKE
user_suspicious_189,59,64,1990,49.02,56.9,1.1,0.0,SUSPICIOUS
user_new_82,32,105,147,3.67,60.6,10.5,0.7,NEW_LEGITIMATE
user_new_85,13,73,166,1.89,64.6,7.9,0.5,NEW_LEGITIMATE
user_normal_120,1775,3950,922,3.88,94.0,339.7,23.3,NORMAL
user_normal_272,1419,4173,5839,3.75,74.2,154.2,20.3,NORMAL
influencer_65,1390,405783,1885,3.34,92.8,28305.6,4999.4,INFLUENCER
user_normal_144,1381,3562,3129,0.62,76.7,137.1,16.1,NORMAL
user_suspicious_15,119,61,1730,70.08,22.5,0.4,0.0,SUSPICIOUS
user_normal_388,1837,3359,3485,4.09,94.7,297.6,42.2,NORMAL
bot_like_37,3,17,3024,149.15,33.3,0.0,0.0,BOT_LIKE
low_engagement_28,688,895,626,4.85,63.2,3.4,0.1,LOW_ENGAGEMENT
user_suspicious_140,43,31,2369,24.64,26.9,0.5,0.0,SUSPICIOUS
user_suspicious_93,143,51,4513,50.93,28.7,0.3,0.0,SUSPICIOUS
incomplete_31,55,984,681,6.68,21.7,18.8,1.1,INCOMPLETE_PROFILE
user_normal_167,867,1621,876,4.75,84.2,144.2,19.4,NORMAL
user_normal_154,1113,2181,3138,2.32,84.9,169.3,10.3,NORMAL
user_normal_89,1176,3736,2774,3.91,81.3,146.8,10.3,NORMAL
user_new_148,59,166,123,2.83,63.3,16.2,2.1,NEW_LEGITIMATE
user_suspicious_169,87,47,1875,38.26,43.8,0.6,0.0,SUSPICIOUS
low_engagement_7,127,1159,636,7.03,76.8,2.9,0.0,LOW_ENGAGEMENT
influencer_23,1666,169682,1691,2.99,89.9,8836.3,1513.7,INFLUENCER
user_new_107,82,103,157,3.6,73.4,7.7,0.6,NEW_LEGITIMATE
incomplete_39,93,804,799,3.42,39.9,56.3,3.3,INCOMPLETE_PROFILE
user_suspicious_86,10,79,2120,69.27,59.0,0.3,0.0,SUSPICIOUS
user_normal_342,343,584,646,1.91,89.3,20.8,2.9,NORMAL
user_normal_2,510,3544,3221,1.14,89.5,86.9,10.6,NORMAL
user_new_17,34,54,80,0.85,90.4,4.9,0.3,NEW_LEGITIMATE
user_suspicious_23,10,44,3699,24.37,45.0,0.3,0.0,SUSPICIOUS
influencer_73,2282,313446,576,6.03,93.2,45254.6,4982.8,INFLUENCER
bot_like_34,27,13,3770,46.72,36.0,0.1,0.0,BOT_LIKE
user_new_96,29,29,60,0.82,81.0,2.5,0.3,NEW_LEGITIMATE
bot_like_13,24,48,7102,77.15,17.8,0.1,0.0,BOT_LIKE
user_normal_287,1971,4378,4774,2.7,74.5,201.3,24.9,NORMAL
bot_like_42,2,3,4783,33.25,23.5,0.0,0.0,BOT_LIKE
user_suspicious_154,77,71,4067,28.12,30.3,0.2,0.0,SUSPICIOUS
user_suspicious_123,157,88,4603,35.49,25.3,1.1,0.0,SUSPICIOUS
user_normal_340,1191,2374,823,2.17,83.6,123.0,7.3,NORMAL
user_suspicious_54,27,84,770,45.06,54.6,0.5,0.0,SUSPICIOUS
user_suspicious_92,158,27,1469,58.08,54.8,0.4,0.0,SUSPICIOUS
user_normal_139,1266,1824,1433,2.76,87.9,46.3,5.8,NORMAL
incomplete_27,441,722,648,5.03,19.5,17.5,1.3,INCOMPLETE_PROFILE
user_normal_10,995,3442,4601,3.07,85.6,333.5,44.8,NORMAL
user_normal_18,1610,1778,590,1.53,72.3,76.8,5.1,NORMAL
user_new_119,5,179,106,3.43,90.1,17.4,1.6,NEW_LEGITIMATE
bot_like_65,5,22,1838,100.54,35.2,0.0,0.0,BOT_LIKE
user_normal_193,765,1347,1043,2.04,89.0,127.4,7.7,NORMAL
user_new_123,36,171,220,1.24,70.9,7.7,0.6,NEW_LEGITIMATE
user_new_93,66,15,77,0.9,74.1,1.4,0.2,NEW_LEGITIMATE
user_normal_153,789,3898,854,0.58,97.4,114.7,12.3,NORMAL
bot_like_27,6,4,1087,46.68,32.4,0.0,0.0,BOT_LIKE
bot_like_16,5,39,6585,64.5,26.1,0.1,0.0,BOT_LIKE
user_suspicious_200,175,66,1110,69.53,46.8,0.9,0.0,SUSPICIOUS
user_normal_165,645,3826,3692,4.94,98.3,88.6,10.7,NORMAL
low_engagement_24,632,3165,835,3.79,67.3,1.6,0.0,LOW_ENGAGEMENT
bot_like_71,5,20,5631,64.34,29.2,0.0,0.0,BOT_LIKE
user_new_33,38,63,119,2.87,81.3,3.6,0.2,NEW_LEGITIMATE
user_normal_186,1317,3211,1374,2.66,87.8,276.1,23.4,NORMAL
influencer_62,2194,10363,218,2.81,85.8,1270.6,120.1,INFLUENCER
user_normal_275,1078,2630,2010,4.21,90.0,78.2,7.7,NORMAL
user_new_53,75,86,69,3.49,68.5,10.0,0.7,NEW_LEGITIMATE
user_suspicious_116,142,65,4129,23.75,23.8,1.1,0.1,SUSPICIOUS
bot_like_45,15,49,4932,89.95,32.9,0.1,0.0,BOT_LIKE
user_normal_157,309,3167,1436,1.33,72.7,258.7,14.7,NORMAL
user_suspicious_87,64,6,1477,18.29,21.6,0.1,0.0,SUSPICIOUS
bot_like_79,1,35,6231,128.2,20.1,0.1,0.0,BOT_LIKE
user_suspicious_39,94,86,3328,58.84,50.5,0.2,0.0,SUSPICIOUS
user_normal_71,813,1256,1236,4.49,80.5,36.9,2.4,NORMAL
user_normal_26,1642,302,233,1.57,91.8,14.9,1.7,NORMAL
user_normal_61,1246,4480,2494,1.47,81.3,103.6,11.6,NORMAL
user_normal_203,1808,3480,569,3.97,95.3,281.5,31.7,NORMAL
user_normal_297,1585,1713,1690,3.4,85.9,40.0,5.9,NORMAL
user_suspicious_57,116,42,3714,76.74,25.5,0.6,0.0,SUSPICIOUS
user_new_50,54,170,245,1.35,77.5,15.5,0.9,NEW_LEGITIMATE
user_suspicious_25,9,26,1187,50.57,59.7,0.4,0.0,SUSPICIOUS
user_normal_102,1776,4532,5195,4.41,72.5,307.2,45.7,NORMAL
user_normal_19,757,2829,1647,3.35,96.1,238.5,16.4,NORMAL
user_normal_124,1242,2070,247,4.73,88.8,96.9,6.2,NORMAL
incomplete_30,359,834,788,2.96,10.0,56.9,3.6,INCOMPLETE_PROFILE
influencer_56,1900,304499,177,5.01,90.1,34970.6,3084.9,INFLUENCER
user_normal_81,1462,2803,520,0.7,78.4,269.2,37.4,NORMAL
user_new_105,23,120,66,0.6,72.5,3.8,0.2,NEW_LEGITIMATE
user_normal_77,1008,994,1434,3.85,90.4,38.8,3.5,NORMAL
bot_like_14,29,2,3322,143.8,12.7,0.0,0.0,BOT_LIKE
user_normal_16,1972,1128,1291,1.56,77.7,26.2,3.2,NORMAL
user_normal_194,1399,1987,533,0.81,79.0,152.3,8.6,NORMAL
user_normal_29,1043,1834,1893,4.73,81.9,112.6,15.1,NORMAL
user_new_69,15,174,214,0.83,88.9,6.0,0.7,NEW_LEGITIMATE
user_normal_196,464,4911,3797,3.41,87.8,248.9,14.1,NORMAL
bot_like_12,25,45,1997,37.67,12.2,0.0,0.0,BOT_LIKE
user_suspicious_3,138,87,3084,19.51,45.5,1.3,0.0,SUSPICIOUS
low_engagement_17,577,1596,800,9.26,82.1,7.3,0.1,LOW_ENGAGEMENT
bot_like_57,12,36,1501,141.78,20.1,0.2,0.0,BOT_LIKE
low_engagement_11,597,831,816,10.53,80.0,0.5,0.0,LOW_ENGAGEMENT
user_normal_359,1710,695,930,0.69,92.2,64.9,5.1,NORMAL
user_normal_386,1560,1336,623,3.01,80.3,104.7,12.1,NORMAL
bot_like_17,13,4,7117,45.51,11.7,0.0,0.0,BOT_LIKE
user_normal_397,965,2516,846,1.8,98.8,128.7,11.4,NORMAL
incomplete_29,163,607,79,5.06,28.7,31.0,2.0,INCOMPLETE_PROFILE
user_new_143,62,122,81,2.92,69.2,14.0,1.6,NEW_LEGITIMATE
user_normal_159,802,2811,1835,0.64,77.9,190.0,10.5,NORMAL
user_suspicious_7,120,91,1598,25.88,40.0,1.3,0.0,SUSPICIOUS
user_new_92,82,72,221,3.7,60.4,5.1,0.7,NEW_LEGITIMATE
user_new_129,3,38,136,1.28,85.0,4.2,0.5,NEW_LEGITIMATE
user_new_114,29,142,221,3.8,86.1,13.5,1.8,NEW_LEGITIMATE
user_normal_353,452,1774,980,0.64,92.2,50.6,4.1,NORMAL
user_suspicious_134,54,33,3329,25.52,46.3,0.7,0.0,SUSPICIOUS
bot_like_77,7,3,4787,61.88,36.9,0.0,0.0,BOT_LIKE
user_new_23,79,31,49,2.32,65.0,3.1,0.2,NEW_LEGITIMATE
bot_like_72,20,45,4549,55.19,33.7,0.2,0.0,BOT_LIKE
influencer_83,780,152690,354,5.38,87.3,13329.8,1400.8,INFLUENCER
user_suspicious_102,159,92,2676,23.4,24.0,1.1,0.0,SUSPICIOUS
user_suspicious_105,12,71,3037,72.82,57.8,1.1,0.0,SUSPICIOUS
bot_like_21,1,21,3480,120.07,17.1,0.0,0.0,BOT_LIKE
user_normal_220,984,4711,2829,2.17,99.6,109.3,14.9,NORMAL
user_new_133,6,194,239,2.41,94.4,13.7,1.4,NEW_LEGITIMATE
user_new_52,3,15,112,2.18,91.4,1.4,0.1,NEW_LEGITIMATE
user_new_47,45,92,286,3.94,78.5,10.3,0.7,NEW_LEGITIMATE
user_normal_35,1923,1056,210,0.58,84.8,36.2,3.1,NORMAL
low_engagement_26,226,3055,326,11.89,59.3,10.4,0.0,LOW_ENGAGEMENT
user_normal_329,1722,3241,1472,0.6,89.9,314.6,33.4,NORMAL
user_suspicious_149,55,20,4481,25.7,36.6,0.0,0.0,SUSPICIOUS
bot_like_39,24,5,7227,132.21,11.6,0.0,0.0,BOT_LIKE
user_normal_378,1760,4196,3289,2.4,82.3,388.6,47.2,NORMAL
influencer_88,2233,369014,717,4.42,97.2,22112.4,2906.4,INFLUENCER
influencer_32,1212,252262,905,3.67,96.6,21255.4,3301.4,INFLUENCER
user_new_115,83,44,88,0.53,92.4,3.1,0.3,NEW_LEGITIMATE
user_normal_94,943,1429,1408,2.47,97.1,68.4,6.9,NORMAL
influencer_36,1579,227070,1805,4.95,99.0,24671.4,3531.2,INFLUENCER
user_normal_209,1875,691,359,3.28,91.1,44.8,2.3,NORMAL
influencer_76,1549,371390,624,5.91,89.3,41995.7,5655.9,INFLUENCER
influencer_50,1506,225503,243,4.15,96.2,19325.2,3018.0,INFLUENCER
user_normal_391,1771,3364,2656,1.2,70.8,241.1,27.4,NORMAL
user_normal_25,1428,3574,5299,2.89,83.4,229.6,25.1,NORMAL
influencer_12,877,10215,1255,4.59,90.2,893.6,138.1,INFLUENCER
bot_like_62,1,7,7975,70.07,17.6,0.0,0.0,BOT_LIKE
user_suspicious_33,131,63,1326,69.93,51.8,0.3,0.0,SUSPICIOUS
user_suspicious_9,174,18,4005,16.24,51.2,0.2,0.0,SUSPICIOUS
user_normal_277,1856,642,895,4.44,78.3,56.6,2.8,NORMAL
user_suspicious_146,117,19,4456,22.57,25.1,0.1,0.0,SUSPICIOUS
user_normal_49,1017,3954,5223,2.92,79.8,341.0,26.3,NORMAL
user_normal_129,190,3425,2969,3.13,82.0,195.1,28.2,NORMAL
user_normal_311,1223,2734,4033,1.17,79.2,246.4,36.9,NORMAL
influencer_87,2936,341588,1049,5.44,94.3,21204.0,4182.2,INFLUENCER
user_normal_327,1385,2114,1691,4.3,78.0,68.7,9.3,NORMAL
user_normal_138,335,3220,1016,4.89,83.8,208.0,28.3,NORMAL
influencer_74,2641,33777,695,4.14,93.7,3617.2,433.7,INFLUENCER
user_new_140,86,71,189,1.95,84.9,4.6,0.5,NEW_LEGITIMATE
low_engagement_16,487,3335,257,10.48,67.3,8.0,0.1,LOW_ENGAGEMENT
user_suspicious_88,90,20,930,31.11,47.9,0.2,0.0,SUSPICIOUS
user_normal_200,1168,4216,5014,3.37,81.9,176.8,26.2,NORMAL
bot_like_76,10,11,6073,148.07,37.2,0.0,0.0,BOT_LIKE
user_normal_303,415,1859,2300,1.94,92.6,77.2,8.0,NORMAL
user_normal_83,1381,639,781,2.12,77.8,35.9,1.9,NORMAL
user_normal_320,1913,2225,2221,2.23,87.2,149.1,10.2,NORMAL
user_new_99,10,62,98,1.25,92.9,1.9,0.2,NEW_LEGITIMATE
user_suspicious_198,172,91,4124,68.34,47.1,1.2,0.0,SUSPICIOUS
bot_like_50,7,42,2582,61.21,21.6,0.2,0.0,BOT_LIKE
influencer_58,1459,342255,1683,5.09,88.1,46252.5,4167.9,INFLUENCER
user_suspicious_67,78,49,3321,51.77,27.3,0.2,0.0,SUSPICIOUS
user_suspicious_95,30,49,2310,60.32,27.7,0.6,0.0,SUSPICIOUS
influencer_86,1238,42152,399,4.12,97.2,5839.1,527.9,INFLUENCER
user_new_89,57,165,88,0.74,87.4,9.2,0.9,NEW_LEGITIMATE
edge_very_new,1,5,10,1.0,70.0,0.5,0.1,EDGE_CASE
user_normal_267,543,2468,335,2.84,88.7,67.0,8.4,NORMAL
user_normal_228,1023,3532,1330,2.52,87.6,338.7,25.5,NORMAL
influencer_89,1569,92464,170,5.91,96.5,13216.8,1382.2,INFLUENCER
user_normal_315,877,3047,4009,3.22,90.3,257.2,19.8,NORMAL
user_new_43,87,54,233,1.03,91.5,5.1,0.7,NEW_LEGITIMATE
user_suspicious_181,132,85,771,36.63,42.3,1.2,0.0,SUSPICIOUS
user_normal_108,927,2572,2710,2.13,89.4,168.9,14.5,NORMAL
user_normal_45,1885,2906,587,4.15,96.0,270.4,27.3,NORMAL
incomplete_26,162,155,761,1.62,23.1,8.0,0.7,INCOMPLETE_PROFILE
user_suspicious_21,86,8,3794,65.49,23.1,0.2,0.0,SUSPICIOUS
incomplete_1,210,405,705,1.78,9.5,8.7,0.3,INCOMPLETE_PROFILE
user_normal_128,1614,194,164,3.62,86.3,7.8,0.7,NORMAL
user_normal_44,1589,4157,834,4.32,74.1,318.9,33.6,NORMAL
user_suspicious_145,12,98,654,37.22,55.0,0.1,0.0,SUSPICIOUS
user_new_18,34,133,163,2.17,65.1,12.5,1.5,NEW_LEGITIMATE
user_normal_212,496,734,58,4.71,71.6,46.5,5.6,NORMAL
user_suspicious_195,78,55,1187,36.37,46.5,0.8,0.0,SUSPICIOUS
bot_like_8,29,43,5016,148.4,17.5,0.1,0.0,BOT_LIKE
user_suspicious_27,77,84,946,51.37,47.5,1.1,0.0,SUSPICIOUS
user_suspicious_170,57,27,2382,52.07,28.4,0.4,0.0,SUSPICIOUS
user_normal_242,1804,2872,3776,3.34,88.3,186.9,16.5,NORMAL
user_normal_34,689,198,202,0.52,74.8,12.7,1.5,NORMAL
user_normal_54,667,3443,4120,3.46,83.1,269.9,14.8,NORMAL
user_suspicious_176,1,29,2976,47.14,24.9,0.4,0.0,SUSPICIOUS
influencer_34,2699,184673,1166,1.48,90.0,15026.9,2348.4,INFLUENCER
user_normal_331,1802,1853,2402,2.59,99.2,127.3,10.8,NORMAL
user_normal_162,1432,4303,221,4.85,70.2,121.5,9.9,NORMAL
bot_like_69,9,27,2152,39.29,25.4,0.0,0.0,BOT_LIKE
influencer_70,1636,157525,1976,2.97,91.9,15364.8,2672.9,INFLUENCER
user_normal_334,1813,1617,247,4.31,82.9,50.6,5.9,NORMAL
influencer_39,1357,82394,173,6.08,90.4,4837.1,504.3,INFLUENCER
user_new_120,86,38,258,2.86,66.3,3.5,0.3,NEW_LEGITIMATE
user_suspicious_127,151,47,1423,65.15,46.1,0.8,0.0,SUSPICIOUS
user_normal_46,215,4880,4165,3.42,91.1,408.3,56.8,NORMAL
user_new_38,24,38,190,3.57,61.5,2.5,0.3,NEW_LEGITIMATE
influencer_40,708,304311,465,3.09,86.3,42933.0,3465.8,INFLUENCER
user_normal_314,1223,2420,3240,4.43,85.3,188.5,11.4,NORMAL
user_normal_133,1929,1892,1686,4.93,95.2,56.7,8.1,NORMAL
user_new_101,73,55,125,3.09,67.5,4.9,0.5,NEW_LEGITIMATE
influencer_54,2694,467364,1023,4.0,85.8,24400.4,3000.2,INFLUENCER
incomplete_3,339,651,626,4.88,20.4,12.9,0.8,INCOMPLETE_PROFILE
low_engagement_8,602,1318,872,10.72,71.5,1.1,0.0,LOW_ENGAGEMENT
user_normal_96,317,3572,2882,1.66,83.8,351.5,34.9,NORMAL
user_suspicious_72,148,39,2591,67.95,44.5,0.3,0.0,SUSPICIOUS
influencer_80,2897,283365,1071,1.56,95.2,40593.9,6051.7,INFLUENCER
user_normal_318,1386,2628,1219,2.17,71.9,221.0,28.0,NORMAL
user_normal_249,1143,472,613,3.52,97.9,29.5,3.2,NORMAL
user_normal_182,759,2033,1430,0.91,96.3,83.9,5.3,NORMAL
user_normal_230,335,1490,1792,3.01,86.2,33.9,5.0,NORMAL
low_engagement_19,534,2288,321,5.07,51.2,3.9,0.1,LOW_ENGAGEMENT
user_normal_163,996,3104,379,3.61,85.6,83.6,12.2,NORMAL
bot_like_48,6,35,4739,92.9,30.0,0.0,0.0,BOT_LIKE
user_new_27,34,181,119,3.68,93.0,12.3,1.1,NEW_LEGITIMATE
influencer_22,2524,168097,1882,7.96,89.7,19734.9,3578.3,INFLUENCER
incomplete_21,114,149,645,1.26,25.7,4.4,0.3,INCOMPLETE_PROFILE
user_normal_224,705,101,86,4.34,84.8,4.0,0.6,NORMAL
user_new_2,17,108,271,1.55,71.4,10.9,1.1,NEW_LEGITIMATE
user_suspicious_126,109,90,2758,29.69,42.0,1.0,0.0,SUSPICIOUS
user_suspicious_187,178,24,3295,18.54,27.3,0.5,0.0,SUSPICIOUS
user_suspicious_35,170,53,775,39.47,29.3,0.3,0.0,SUSPICIOUS
user_suspicious_178,146,38,844,51.08,43.5,0.3,0.0,SUSPICIOUS
user_new_103,15,141,112,2.29,75.3,16.9,1.2,NEW_LEGITIMATE
user_normal_332,604,4824,944,1.63,95.5,313.1,32.0,NORMAL
user_suspicious_171,170,11,1573,17.82,48.0,0.1,0.0,SUSPICIOUS
user_normal_181,1348,102,81,2.59,88.7,8.1,0.4,NORMAL
user_new_150,74,118,182,2.5,70.6,6.9,1.0,NEW_LEGITIMATE
user_normal_166,890,500,135,4.62,71.0,37.9,3.0,NORMAL
user_new_104,43,130,60,1.35,85.0,5.0,0.3,NEW_LEGITIMATE
influencer_5,1470,495877,1600,1.23,86.8,45415.5,3977.3,INFLUENCER
user_new_131,71,166,166,3.49,90.9,11.9,0.7,NEW_LEGITIMATE
user_normal_208,281,3596,828,2.66,73.1,141.6,21.0,NORMAL
user_normal_145,507,3410,3350,1.3,89.6,133.2,8.0,NORMAL
user_new_128,67,16,122,1.97,60.6,1.6,0.1,NEW_LEGITIMATE
user_normal_20,1534,1763,1579,1.05,80.7,163.2,12.6,NORMAL
user_normal_114,1613,1241,885,2.41,85.2,48.9,3.0,NORMAL
user_suspicious_131,140,47,4134,74.24,20.8,0.3,0.0,SUSPICIOUS
user_normal_254,1840,2731,2249,2.09,77.1,225.1,17.4,NORMAL
user_suspicious_26,63,43,3396,64.74,57.6,0.1,0.0,SUSPICIOUS
user_normal_381,1527,1089,688,3.48,72.8,73.7,7.7,NORMAL
user_normal_362,855,2612,335,0.71,87.0,111.5,14.8,NORMAL
user_new_108,46,140,110,2.33,62.4,8.9,1.3,NEW_LEGITIMATE
incomplete_10,201,280,749,9.42,39.2,19.8,0.8,INCOMPLETE_PROFILE
user_suspicious_183,95,12,566,18.2,29.2,0.2,0.0,SUSPICIOUS
influencer_72,2326,254255,1869,5.04,86.8,13639.8,1177.5,INFLUENCER
user_normal_238,980,3172,3174,3.5,87.3,151.9,10.0,NORMAL
user_normal_204,1139,792,427,3.27,93.9,46.3,2.9,NORMAL
user_normal_337,711,1277,432,3.91,92.6,27.4,1.7,NORMAL
influencer_41,1253,298763,1441,6.69,90.1,18269.0,2712.0,INFLUENCER
user_suspicious_53,73,30,1415,64.0,43.1,0.5,0.0,SUSPICIOUS
user_normal_52,1807,1469,790,1.33,72.4,79.7,9.5,NORMAL
user_suspicious_158,18,66,1664,20.92,31.4,0.9,0.0,SUSPICIOUS
user_normal_382,1316,3908,381,0.86,80.6,372.6,43.5,NORMAL
user_suspicious_48,68,90,3789,74.34,33.6,0.9,0.0,SUSPICIOUS
influencer_69,1834,182409,1513,4.87,96.1,17967.6,1621.5,INFLUENCER
user_new_149,38,185,46,4.0,71.4,18.0,2.4,NEW_LEGITIMATE
user_normal_109,1056,3912,3498,1.57,73.1,126.1,9.4,NORMAL
user_normal_62,906,2996,4235,1.94,95.3,65.5,8.6,NORMAL
user_suspicious_29,141,85,2532,26.41,42.7,1.0,0.0,SUSPICIOUS
influencer_18,2185,324260,573,3.42,85.1,29296.3,3169.0,INFLUENCER
user_new_22,52,157,179,2.34,76.2,8.0,0.6,NEW_LEGITIMATE
bot_like_66,6,31,7157,149.8,26.2,0.0,0.0,BOT_LIKE
user_normal_99,272,771,110,1.37,71.2,25.8,2.0,NORMAL
bot_like_78,9,7,4999,146.2,23.6,0.0,0.0,BOT_LIKE
user_normal_299,1491,3459,572,0.7,73.3,234.8,14.0,NORMAL
user_normal_389,1266,2170,409,4.5,70.4,107.6,5.7,NORMAL
low_engagement_13,616,1303,930,4.74,61.2,5.0,0.1,LOW_ENGAGEMENT
user_suspicious_119,141,88,2838,73.42,42.1,1.4,0.0,SUSPICIOUS
user_normal_31,1775,2149,2994,0.92,96.9,197.8,22.4,NORMAL
user_suspicious_71,119,19,4614,65.28,21.8,0.3,0.0,SUSPICIOUS
user_normal_85,1062,355,246,3.26,82.5,33.6,4.6,NORMAL
user_suspicious_113,36,49,3186,60.36,56.0,0.8,0.0,SUSPICIOUS
user_normal_270,1383,1825,1739,3.2,85.5,170.7,17.0,NORMAL
user_normal_23,1436,3863,5282,0.79,77.6,153.6,18.4,NORMAL
user_normal_357,1967,2357,1188,4.58,90.1,152.8,9.3,NORMAL
user_normal_140,1131,822,81,2.61,88.7,41.3,5.5,NORMAL
bot_like_53,6,11,4040,130.37,39.2,0.1,0.0,BOT_LIKE
user_new_145,74,190,226,3.22,86.6,8.9,0.5,NEW_LEGITIMATE
influencer_1,2173,193163,1147,1.97,94.2,15574.8,1855.5,INFLUENCER
user_normal_223,1755,3058,2964,3.99,82.2,208.4,23.6,NORMAL
influencer_59,807,381780,622,2.92,97.4,47335.7,8268.7,INFLUENCER
user_suspicious_76,8,75,4075,45.2,35.2,0.5,0.0,SUSPICIOUS
user_suspicious_128,11,30,3353,49.01,30.9,0.3,0.0,SUSPICIOUS
user_suspicious_136,166,68,3658,41.97,49.2,0.2,0.0,SUSPICIOUS
low_engagement_1,482,3353,698,3.34,54.1,14.2,0.1,LOW_ENGAGEMENT
user_normal_130,575,2365,2238,1.13,73.0,95.7,11.7,NORMAL
user_suspicious_107,77,46,2850,18.9,25.2,0.6,0.0,SUSPICIOUS
incomplete_2,431,583,95,7.09,27.3,31.5,1.5,INCOMPLETE_PROFILE
user_normal_345,1107,787,662,2.48,88.5,21.0,2.9,NORMAL
user_normal_292,760,2248,1081,0.69,72.5,173.8,9.9,NORMAL
user_normal_375,1044,4797,5976,4.11,87.2,292.7,23.2,NORMAL
edge_perfect,1000,5000,500,2.0,100.0,500.0,50.0,EDGE_CASE
user_normal_333,1776,672,403,2.32,86.3,56.0,5.9,NORMAL
bot_like_28,12,42,2381,121.66,25.4,0.2,0.0,BOT_LIKE
user_suspicious_155,71,45,2313,50.18,45.8,0.1,0.0,SUSPICIOUS
user_new_57,65,180,58,3.23,93.6,17.8,2.4,NEW_LEGITIMATE
user_normal_232,1262,1108,740,0.69,74.5,109.6,16.1,NORMAL
user_normal_90,180,4246,4830,3.23,76.9,313.1,35.0,NORMAL
bot_like_58,5,46,7361,111.9,29.9,0.2,0.0,BOT_LIKE
user_suspicious_24,145,69,3818,78.98,35.8,1.0,0.0,SUSPICIOUS
user_normal_231,1148,1416,1093,0.73,89.2,53.8,3.7,NORMAL
user_suspicious_17,178,75,2911,25.93,39.0,0.2,0.0,SUSPICIOUS
user_suspicious_90,63,16,640,69.1,52.2,0.1,0.0,SUSPICIOUS
bot_like_3,19,45,4832,49.94,20.0,0.2,0.0,BOT_LIKE
incomplete_17,76,179,381,5.47,33.7,7.4,0.6,INCOMPLETE_PROFILE
bot_like_25,3,18,3436,91.67,30.7,0.1,0.0,BOT_LIKE
user_normal_192,1045,4895,4593,2.93,93.4,139.8,17.6,NORMAL
user_normal_93,1098,3378,1302,3.29,91.1,125.1,8.0,NORMAL
user_suspicious_20,138,43,4111,38.1,47.0,0.1,0.0,SUSPICIOUS
user_new_40,42,196,194,3.33,64.2,10.6,0.5,NEW_LEGITIMATE
user_new_77,10,26,67,1.54,85.0,2.6,0.2,NEW_LEGITIMATE
influencer_51,1724,365398,1356,2.53,86.7,40063.5,5535.3,INFLUENCER
incomplete_6,169,590,420,2.96,3.1,29.6,1.1,INCOMPLETE_PROFILE
user_normal_80,1430,3612,1306,1.48,78.8,360.0,43.1,NORMAL
influencer_30,1667,65830,1533,2.47,88.9,9674.5,1626.9,INFLUENCER
user_new_15,1,173,54,2.65,63.1,12.8,0.7,NEW_LEGITIMATE
user_normal_180,1724,3270,1963,2.86,77.8,200.2,19.8,NORMAL
user_normal_253,320,1400,1293,1.53,76.4,96.4,8.8,NORMAL
bot_like_36,13,4,1813,131.38,20.8,0.0,0.0,BOT_LIKE
user_normal_56,273,3159,4598,2.63,72.9,187.4,18.2,NORMAL
user_normal_385,1553,4108,4143,2.9,83.5,109.9,9.9,NORMAL
user_normal_360,262,3046,1499,3.65,95.2,300.2,33.7,NORMAL
user_normal_218,491,3020,1132,3.43,76.0,224.7,12.9,NORMAL
bot_like_11,19,33,2216,100.52,34.6,0.1,0.0,BOT_LIKE
user_suspicious_1,149,58,3350,16.02,20.7,1.1,0.0,SUSPICIOUS
user_normal_164,518,4162,2758,3.92,91.7,295.4,43.7,NORMAL
user_suspicious_80,6,67,3677,15.41,59.1,1.3,0.0,SUSPICIOUS
user_new_46,17,68,109,1.19,64.9,5.8,0.7,NEW_LEGITIMATE
user_normal_11,1952,437,102,3.14,99.0,30.0,2.3,NORMAL
user_normal_217,874,2435,356,1.23,70.6,176.0,14.6,NORMAL
user_normal_177,986,1563,1375,3.2,97.1,154.9,19.3,NORMAL
user_suspicious_139,1,75,4886,22.57,30.2,0.5,0.0,SUSPICIOUS
incomplete_15,415,111,544,6.67,16.6,2.4,0.2,INCOMPLETE_PROFILE
user_normal_195,1065,2852,71,3.29,71.4,255.9,37.7,NORMAL
user_normal_233,305,4165,4362,3.38,96.0,234.8,23.8,NORMAL
user_normal_369,784,505,281,4.77,83.4,42.0,4.8,NORMAL
user_new_122,22,42,228,1.95,85.6,4.6,0.3,NEW_LEGITIMATE
user_normal_392,1630,3154,3596,2.34,79.3,233.9,25.9,NORMAL
influencer_98,2886,176991,796,6.58,98.0,16936.1,2320.5,INFLUENCER
user_normal_239,883,674,634,4.4,99.8,54.1,3.2,NORMAL
user_normal_276,1143,636,128,4.83,86.5,61.9,5.8,NORMAL
user_normal_65,1302,4179,1621,2.17,93.3,197.5,28.3,NORMAL
user_suspicious_103,140,99,4292,72.84,59.7,0.7,0.0,SUSPICIOUS
user_normal_121,1030,177,203,4.59,79.5,11.9,1.4,NORMAL
influencer_81,2428,263078,1035,6.22,97.0,17378.8,2510.9,INFLUENCER
bot_like_74,16,40,3063,120.45,17.6,0.2,0.0,BOT_LIKE
user_suspicious_148,113,97,1973,68.69,45.3,1.5,0.1,SUSPICIOUS
user_new_5,5,193,39,2.13,61.2,22.6,3.3,NEW_LEGITIMATE
user_normal_205,1476,4065,5405,1.61,86.8,154.6,10.2,NORMAL
user_normal_113,1644,4389,896,2.91,84.3,382.2,26.9,NORMAL
influencer_90,2789,98741,498,1.45,90.8,7729.1,900.7,INFLUENCER
user_normal_9,1975,1600,752,4.29,83.5,82.6,11.8,NORMAL
user_normal_374,1892,4896,5143,4.34,71.5,424.3,57.0,NORMAL
user_normal_308,1307,1955,923,3.46,79.3,155.2,20.4,NORMAL
bot_like_23,17,29,6201,134.16,27.5,0.1,0.0,BOT_LIKE
user_normal_161,1220,1340,110,3.6,83.0,53.2,7.0,NORMAL
user_normal_273,578,4325,3028,2.06,99.3,308.3,40.8,NORMAL
user_normal_79,352,1952,864,4.51,85.8,194.1,11.1,NORMAL
user_new_146,84,170,47,1.26,76.2,9.1,0.8,NEW_LEGITIMATE
user_normal_348,310,2500,2293,3.74,96.7,65.9,8.1,NORMAL
user_normal_219,1410,452,381,1.28,98.8,24.1,3.2,NORMAL
user_new_21,25,40,202,2.26,75.7,3.3,0.4,NEW_LEGITIMATE
user_normal_136,597,3700,5084,0.65,97.4,147.5,15.9,NORMAL
user_normal_38,1480,4993,6477,3.51,95.9,191.8,19.2,NORMAL
user_suspicious_193,36,29,1413,76.43,47.3,0.2,0.0,SUSPICIOUS
user_suspicious_11,13,81,2357,52.22,31.1,1.5,0.0,SUSPICIOUS
bot_like_49,28,39,3707,105.13,12.3,0.0,0.0,BOT_LIKE
influencer_15,593,493498,394,6.71,98.2,62831.4,10090.1,INFLUENCER
user_normal_8,385,3252,2005,1.32,92.7,175.6,12.4,NORMAL
user_suspicious_138,1,57,1711,25.57,49.4,0.3,0.0,SUSPICIOUS
user_suspicious_101,130,70,2863,58.25,40.0,0.9,0.0,SUSPICIOUS
user_normal_278,222,4449,3251,3.43,74.6,110.8,14.2,NORMAL
user_normal_302,1122,2296,3119,2.57,95.3,179.7,22.9,NORMAL
user_normal_152,416,1404,1831,3.4,82.7,42.9,6.0,NORMAL
user_suspicious_152,35,10,3170,70.56,58.1,0.2,0.0,SUSPICIOUS
user_normal_323,760,2103,2146,2.46,98.1,160.8,18.2,NORMAL
user_normal_281,579,708,309,3.35,76.9,27.3,2.0,NORMAL
user_suspicious_46,139,92,1316,36.59,31.8,0.2,0.0,SUSPICIOUS
user_normal_310,781,413,615,4.25,70.3,33.0,4.2,NORMAL
user_new_37,24,11,157,0.61,85.8,0.7,0.1,NEW_LEGITIMATE
user_new_63,84,190,110,1.95,89.7,21.1,2.9,NEW_LEGITIMATE
user_normal_199,1153,3255,3143,1.09,96.0,315.9,16.8,NORMAL
incomplete_34,149,492,788,3.57,23.4,8.7,0.8,INCOMPLETE_PROFILE
user_normal_87,242,4025,4834,4.27,84.1,214.1,16.6,NORMAL
user_normal_376,561,1900,1417,0.89,88.5,55.3,4.7,NORMAL
user_normal_137,1383,4905,3622,4.62,80.9,325.9,36.9,NORMAL
user_suspicious_60,138,93,1508,20.38,30.2,1.5,0.0,SUSPICIOUS
user_normal_298,328,3847,701,2.63,73.4,226.5,32.2,NORMAL
user_suspicious_19,56,27,4955,28.47,45.2,0.1,0.0,SUSPICIOUS
user_suspicious_159,92,55,1579,41.7,39.6,0.5,0.0,SUSPICIOUS
user_suspicious_2,100,36,4339,55.27,42.5,0.5,0.0,SUSPICIOUS
user_new_110,58,116,142,2.97,75.0,8.1,0.9,NEW_LEGITIMATE
user_normal_289,371,116,169,1.92,90.6,6.4,0.5,NORMAL
user_new_100,30,34,87,3.78,79.0,3.9,0.3,NEW_LEGITIMATE
user_normal_235,925,991,424,1.23,75.7,77.8,5.1,NORMAL
user_normal_257,984,2566,1037,1.43,89.1,104.1,11.8,NORMAL
user_normal_155,521,4152,2124,4.55,96.2,281.5,31.0,NORMAL
incomplete_7,61,123,200,2.57,35.0,7.6,0.4,INCOMPLETE_PROFILE
user_suspicious_199,165,63,882,46.02,51.7,1.2,0.1,SUSPICIOUS
user_normal_104,544,4721,6892,1.64,91.4,432.5,43.8,NORMAL
user_normal_127,1044,2953,3278,2.93,84.6,155.7,19.8,NORMAL
influencer_29,493,59589,850,4.83,86.3,5228.1,677.7,INFLUENCER
user_normal_6,826,2988,2485,4.74,86.9,151.9,7.8,NORMAL
user_suspicious_73,65,36,3712,49.56,41.5,0.2,0.0,SUSPICIOUS
user_new_44,28,88,143,2.16,62.0,10.2,1.5,NEW_LEGITIMATE
bot_like_63,24,20,3311,131.25,23.1,0.0,0.0,BOT_LIKE
user_suspicious_162,45,51,2354,65.81,37.5,0.7,0.0,SUSPICIOUS
user_normal_183,1852,1318,970,4.33,71.1,61.1,8.7,NORMAL
user_normal_236,1561,4712,1568,1.3,90.8,410.2,59.3,NORMAL
bot_like_19,24,11,4682,31.64,36.9,0.0,0.0,BOT_LIKE
edge_zero_followers,100,0,500,5.0,80.0,0.0,0.0,EDGE_CASE
user_normal_225,1826,113,152,2.12,87.8,3.7,0.3,NORMAL
user_normal_349,880,3647,314,4.19,86.2,280.2,22.8,NORMAL
influencer_45,2677,349148,1202,4.49,88.2,47925.0,4335.0,INFLUENCER
influencer_97,1291,382078,1291,3.18,92.7,51841.7,7051.8,INFLUENCER
user_suspicious_163,147,39,1498,30.64,55.0,0.7,0.0,SUSPICIOUS
user_normal_258,620,869,312,3.63,82.1,47.1,5.7,NORMAL
low_engagement_21,377,4555,382,9.6,57.2,16.3,0.0,LOW_ENGAGEMENT
bot_like_44,6,23,6210,104.53,19.1,0.1,0.0,BOT_LIKE
user_normal_221,787,1373,1190,2.28,88.2,93.1,12.0,NORMAL
influencer_13,2696,20345,1228,6.25,98.8,1237.0,133.5,INFLUENCER
user_suspicious_69,58,53,906,49.55,21.3,0.5,0.0,SUSPICIOUS
influencer_24,1184,131684,1600,1.83,87.6,12859.3,2167.4,INFLUENCER
user_suspicious_166,37,30,626,42.03,41.9,0.3,0.0,SUSPICIOUS
incomplete_12,490,757,491,7.11,9.5,12.0,1.0,INCOMPLETE_PROFILE
user_new_32,71,22,229,2.43,74.6,2.1,0.2,NEW_LEGITIMATE
user_new_59,85,179,271,1.12,78.0,18.4,1.4,NEW_LEGITIMATE
bot_like_41,24,5,7873,99.52,36.7,0.0,0.0,BOT_LIKE
user_normal_105,1954,1631,1956,1.59,78.1,81.8,4.3,NORMAL
influencer_21,823,119779,225,4.45,90.0,7268.2,1413.0,INFLUENCER
user_normal_22,497,3848,5403,2.02,98.3,176.5,18.0,NORMAL
influencer_48,1007,441978,1172,6.94,90.4,57189.1,11032.9,INFLUENCER
user_normal_339,1229,4642,2163,0.79,83.9,430.5,44.7,NORMAL
user_normal_394,1637,1499,492,2.89,74.1,41.9,3.0,NORMAL
influencer_2,1970,287530,370,7.04,88.5,34365.2,5345.7,INFLUENCER
incomplete_19,403,616,426,1.31,25.4,43.2,2.3,INCOMPLETE_PROFILE
user_suspicious_85,58,98,4970,67.32,22.1,0.4,0.0,SUSPICIOUS
user_normal_213,1467,4011,1763,3.31,93.5,276.7,27.2,NORMAL
user_normal_284,777,3816,4655,1.62,74.0,204.1,26.3,NORMAL
influencer_17,1684,123221,569,6.48,98.3,11073.2,2032.5,INFLUENCER
user_normal_147,186,4525,824,3.81,95.4,134.9,18.6,NORMAL
user_normal_324,817,3078,2889,3.78,93.0,100.7,11.2,NORMAL
user_normal_191,474,2085,1297,0.88,79.8,135.1,8.3,NORMAL
user_normal_74,1568,1956,1415,4.16,98.4,193.4,24.2,NORMAL
user_suspicious_66,99,84,4258,18.37,42.3,0.3,0.0,SUSPICIOUS
user_new_139,6,166,234,2.62,75.2,16.5,2.2,NEW_LEGITIMATE
user_normal_336,1497,4766,660,0.73,93.6,172.1,13.1,NORMAL
user_normal_335,1260,3237,147,4.38,83.8,258.8,20.5,NORMAL
user_normal_119,555,3630,5306,1.42,81.4,341.6,41.7,NORMAL
user_normal_39,1719,4742,5361,3.4,75.3,451.6,65.7,NORMAL
influencer_92,937,183364,757,6.19,93.1,21152.6,2387.7,INFLUENCER
influencer_75,2500,147799,1665,3.57,86.5,18720.2,3668.3,INFLUENCER
user_suspicious_70,59,68,1911,51.54,48.6,0.2,0.0,SUSPICIOUS
user_suspicious_40,116,19,3261,65.28,24.9,0.2,0.0,SUSPICIOUS
low_engagement_15,752,932,900,10.15,82.8,2.4,0.1,LOW_ENGAGEMENT
user_normal_234,1381,1018,1501,2.9,73.8,31.2,2.0,NORMAL
user_normal_173,876,371,489,1.72,81.9,10.1,0.8,NORMAL
influencer_66,1396,33331,576,3.7,92.6,4519.7,768.3,INFLUENCER
user_normal_41,786,3270,749,4.34,78.8,166.1,22.4,NORMAL
user_normal_210,181,2948,4094,0.87,94.7,143.3,11.8,NORMAL
user_normal_115,269,4849,4465,0.89,85.2,458.5,37.6,NORMAL
user_normal_304,1984,3637,4915,1.09,91.8,310.7,22.2,NORMAL
incomplete_37,461,73,128,5.8,39.8,4.8,0.4,INCOMPLETE_PROFILE
user_normal_58,1426,3830,2539,2.75,86.2,286.2,31.9,NORMAL
user_new_3,85,17,24,2.16,79.0,0.9,0.1,NEW_LEGITIMATE
bot_like_68,5,42,4718,112.73,18.5,0.1,0.0,BOT_LIKE
user_normal_366,1507,1399,1942,3.2,73.4,38.5,5.4,NORMAL
user_new_55,19,64,173,0.55,89.0,6.1,0.5,NEW_LEGITIMATE
user_suspicious_151,122,19,1424,15.8,25.7,0.3,0.0,SUSPICIOUS
influencer_25,1916,477435,160,4.38,88.2,29388.9,5300.9,INFLUENCER
user_new_71,23,118,88,1.87,79.1,9.2,1.0,NEW_LEGITIMATE
incomplete_8,129,707,38,3.44,0.1,15.1,0.8,INCOMPLETE_PROFILE
bot_like_54,11,47,5433,135.52,25.4,0.1,0.0,BOT_LIKE
user_normal_240,1362,588,373,3.43,93.0,55.3,5.2,NORMAL
user_suspicious_45,134,90,992,68.75,41.0,1.4,0.0,SUSPICIOUS
user_normal_250,285,1781,51,1.73,82.4,53.0,3.6,NORMAL
user_normal_367,1527,1158,1026,0.79,98.7,25.5,3.0,NORMAL
user_suspicious_185,52,75,3701,59.23,57.3,1.0,0.0,SUSPICIOUS
low_engagement_23,552,736,125,10.18,73.9,0.7,0.0,LOW_ENGAGEMENT
user_normal_197,1236,4099,3044,1.64,70.0,134.1,13.0,NORMAL
low_engagement_29,453,3701,183,3.02,64.4,17.3,0.3,LOW_ENGAGEMENT
user_suspicious_192,80,87,2077,50.49,57.0,1.5,0.1,SUSPICIOUS
bot_like_18,4,24,5109,65.45,12.7,0.1,0.0,BOT_LIKE
user_new_9,35,57,135,0.51,82.4,3.2,0.2,NEW_LEGITIMATE
user_normal_112,254,103,128,4.18,77.7,3.5,0.4,NORMAL
user_normal_364,1840,4108,5801,1.33,72.4,160.9,20.8,NORMAL
user_new_90,19,132,66,1.84,94.4,13.3,1.6,NEW_LEGITIMATE
user_suspicious_94,55,33,1687,41.5,25.0,0.1,0.0,SUSPICIOUS
user_new_86,68,181,170,1.61,88.6,13.6,0.8,NEW_LEGITIMATE
influencer_4,1117,360988,1124,1.39,88.8,37093.8,3731.3,INFLUENCER
user_normal_53,1844,1181,683,1.2,77.5,75.5,9.2,NORMAL
user_new_62,35,108,132,2.06,69.6,9.3,1.4,NEW_LEGITIMATE
user_new_111,37,88,111,1.97,77.5,8.9,1.0,NEW_LEGITIMATE
user_new_76,16,68,221,0.57,69.4,5.2,0.4,NEW_LEGITIMATE
user_normal_190,1640,3841,1624,1.22,94.5,332.5,33.5,NORMAL
user_normal_92,1257,335,438,0.9,93.8,22.5,2.2,NORMAL
user_suspicious_89,130,94,2830,51.79,50.1,0.3,0.0,SUSPICIOUS
user_normal_7,1077,1463,2189,2.48,73.7,87.2,4.7,NORMAL
user_suspicious_188,106,74,4278,35.29,37.1,1.0,0.0,SUSPICIOUS
user_normal_293,587,2811,3138,4.8,92.1,135.7,10.8,NORMAL
user_new_41,25,42,74,2.31,72.2,2.7,0.1,NEW_LEGITIMATE
user_normal_282,1424,919,469,2.87,82.8,28.0,3.9,NORMAL
user_suspicious_137,74,14,1964,54.12,43.3,0.1,0.0,SUSPICIOUS
user_normal_63,796,4074,3317,3.62,80.5,386.8,20.9,NORMAL
user_normal_103,482,738,105,2.68,88.5,36.5,3.5,NORMAL
user_normal_328,1822,2743,3971,4.58,74.2,171.7,15.6,NORMAL
user_normal_286,352,771,213,2.17,78.0,55.3,5.5,NORMAL
user_normal_354,427,255,96,1.29,95.7,9.7,1.3,NORMAL
user_normal_305,1610,4283,5213,3.8,86.3,287.9,29.0,NORMAL
user_normal_261,1273,2572,3096,0.81,85.6,65.4,8.5,NORMAL
user_normal_100,713,623,395,4.52,73.9,28.9,2.4,NORMAL
user_new_75,47,127,247,3.95,86.4,8.3,0.9,NEW_LEGITIMATE
user_new_56,17,116,264,3.84,93.8,7.6,1.0,NEW_LEGITIMATE
user_normal_309,1934,1022,1139,2.1,93.5,65.8,3.3,NORMAL
incomplete_14,59,163,233,8.04,8.2,4.6,0.2,INCOMPLETE_PROFILE
edge_zero_following,200,1000,0,3.0,90.0,50.0,5.0,EDGE_CASE
user_suspicious_68,27,17,2276,32.92,28.2,0.0,0.0,SUSPICIOUS
user_suspicious_98,126,79,4248,20.33,21.4,1.6,0.0,SUSPICIOUS
bot_like_70,6,6,1564,123.78,31.1,0.0,0.0,BOT_LIKE
user_suspicious_182,79,22,1122,59.14,57.3,0.4,0.0,SUSPICIOUS
user_new_66,21,108,95,3.16,69.9,6.7,0.9,NEW_LEGITIMATE
user_normal_206,905,216,121,1.9,83.7,4.5,0.3,NORMAL
user_suspicious_172,57,35,3080,62.78,44.4,0.4,0.0,SUSPICIOUS
user_normal_379,1471,3411,3422,3.73,98.6,265.1,36.1,NORMAL
influencer_46,2950,285160,1277,3.39,99.4,26943.4,3736.7,INFLUENCER
user_normal_42,1459,3494,177,2.18,81.8,305.9,43.7,NORMAL
user_suspicious_55,95,54,4735,74.1,32.6,0.8,0.0,SUSPICIOUS
user_normal_116,438,3844,951,2.01,74.0,96.4,14.4,NORMAL
user_suspicious_125,173,47,1152,58.79,50.7,0.3,0.0,SUSPICIOUS
user_suspicious_196,20,90,2144,60.83,49.7,1.2,0.0,SUSPICIOUS
user_new_70,24,33,23,1.03,90.7,2.6,0.2,NEW_LEGITIMATE
user_suspicious_124,108,80,2144,31.69,52.2,0.7,0.0,SUSPICIOUS
user_suspicious_161,94,49,3840,26.02,22.0,0.6,0.0,SUSPICIOUS
user_normal_380,353,3841,3102,4.23,71.2,344.6,26.1,NORMAL
user_suspicious_118,43,35,1284,51.03,25.9,0.1,0.0,SUSPICIOUS
user_normal_363,1000,1862,2431,3.84,71.4,171.7,23.2,NORMAL
user_normal_313,1672,2123,920,0.51,88.6,102.8,13.3,NORMAL
influencer_94,1230,291321,1636,2.18,90.3,26218.4,2278.0,INFLUENCER
user_suspicious_6,166,29,1537,18.47,38.2,0.4,0.0,SUSPICIOUS
edge_high_posting,10,20,5000,100.0,30.0,0.5,0.1,EDGE_CASE
user_normal_321,1776,237,99,1.24,91.0,15.8,1.7,NORMAL
user_normal_24,1590,1736,748,3.24,85.1,41.9,3.3,NORMAL
influencer_8,806,192774,229,7.52,94.9,24026.6,2820.5,INFLUENCER
incomplete_20,217,747,745,4.7,24.2,40.4,2.4,INCOMPLETE_PROFILE
user_suspicious_165,92,64,1198,39.19,40.9,0.1,0.0,SUSPICIOUS
user_normal_47,650,1266,1165,3.1,83.2,93.4,7.7,NORMAL
user_suspicious_130,120,11,4862,74.0,59.9,0.2,0.0,SUSPICIOUS
user_normal_290,1213,341,363,1.64,93.4,29.3,2.9,NORMAL
bot_like_20,28,24,6819,125.28,27.3,0.0,0.0,BOT_LIKE
user_normal_280,262,4076,5268,0.84,93.5,168.1,11.4,NORMAL
bot_like_38,27,26,3581,66.49,34.3,0.0,0.0,BOT_LIKE
user_normal_229,1065,1407,2006,2.11,86.0,116.1,14.0,NORMAL
bot_like_6,17,9,2168,122.94,14.0,0.0,0.0,BOT_LIKE
influencer_100,1699,97508,1947,6.09,98.1,7027.5,695.8,INFLUENCER
user_normal_283,1777,867,532,2.15,82.4,74.7,9.2,NORMAL
user_normal_262,1742,4355,6342,1.72,87.8,324.1,23.7,NORMAL
user_normal_344,1829,1998,89,2.78,87.9,45.3,3.9,NORMAL
incomplete_35,401,509,162,9.68,11.6,22.2,2.2,INCOMPLETE_PROFILE
user_normal_326,1545,1343,952,1.61,97.2,53.7,4.1,NORMAL
user_new_16,4,167,94,1.72,63.9,17.2,2.5,NEW_LEGITIMATE
user_normal_158,1982,2158,2773,3.74,78.9,140.9,13.8,NORMAL
user_new_28,56,188,205,0.65,79.8,21.4,2.9,NEW_LEGITIMATE
user_suspicious_104,106,75,1631,18.97,31.5,0.2,0.0,SUSPICIOUS
user_normal_156,1000,554,734,4.27,82.1,45.2,4.2,NORMAL
user_normal_222,474,4109,4900,3.17,97.4,151.4,17.0,NORMAL
user_suspicious_97,116,83,647,58.75,53.0,0.7,0.0,SUSPICIOUS
low_engagement_4,174,4862,168,2.5,55.2,13.3,0.2,LOW_ENGAGEMENT
incomplete_25,496,278,638,3.1,32.5,14.2,0.6,INCOMPLETE_PROFILE
bot_like_75,2,11,3752,120.58,19.3,0.0,0.0,BOT_LIKE
user_new_7,75,170,235,2.04,81.2,19.2,1.7,NEW_LEGITIMATE
user_normal_399,1000,2490,996,2.1,94.8,191.0,12.9,NORMAL
influencer_20,447,244453,1954,1.43,88.4,21103.0,2799.0,INFLUENCER
influencer_84,390,227508,1786,3.28,92.0,14741.6,2921.2,INFLUENCER
user_normal_237,1617,4149,3769,4.39,93.1,120.5,15.6,NORMAL
user_normal_12,1360,2162,114,0.57,82.7,111.5,8.9,NORMAL
user_suspicious_62,104,64,3366,57.82,41.3,0.2,0.0,SUSPICIOUS
user_normal_396,664,2269,2222,2.17,81.2,131.4,12.4,NORMAL
user_normal_67,241,695,929,2.25,78.9,19.5,1.1,NORMAL
user_suspicious_168,85,30,2267,23.29,36.4,0.2,0.0,SUSPICIOUS
user_normal_214,638,307,437,3.19,93.5,18.0,1.0,NORMAL
user_new_118,85,70,156,0.77,89.0,4.3,0.4,NEW_LEGITIMATE
user_normal_226,207,2213,3284,3.46,79.8,181.2,11.4,NORMAL
user_normal_95,1163,1458,1069,1.84,85.7,110.5,14.3,NORMAL
user_suspicious_5,59,9,4134,43.8,39.8,0.2,0.0,SUSPICIOUS
influencer_99,1071,107493,1492,1.58,97.9,10540.3,930.2,INFLUENCER
user_new_112,77,13,233,2.26,62.0,1.0,0.1,NEW_LEGITIMATE
influencer_3,1337,244856,1989,6.43,90.9,15652.5,1272.3,INFLUENCER
user_normal_243,784,1540,354,2.96,83.3,32.6,3.5,NORMAL
bot_like_15,20,9,2040,32.88,26.0,0.0,0.0,BOT_LIKE
user_suspicious_108,107,31,4931,37.19,39.1,0.6,0.0,SUSPICIOUS
incomplete_24,56,751,112,5.66,0.3,29.7,2.4,INCOMPLETE_PROFILE
user_suspicious_111,15,16,3160,52.5,42.6,0.2,0.0,SUSPICIOUS
user_normal_101,973,2396,2144,3.33,72.5,215.4,30.6,NORMAL
user_new_19,31,43,234,3.75,74.2,4.8,0.4,NEW_LEGITIMATE
user_normal_371,1365,2494,3048,4.93,78.1,131.1,18.2,NORMAL
user_suspicious_83,18,77,2314,19.27,55.5,0.7,0.0,SUSPICIOUS
user_new_121,23,54,266,0.51,85.2,5.2,0.5,NEW_LEGITIMATE
influencer_96,1333,404051,298,2.79,99.0,25498.0,4479.7,INFLUENCER
user_normal_260,800,4231,4889,3.4,87.9,220.4,19.1,NORMAL
user_normal_69,1570,243,118,1.82,79.9,17.9,2.2,NORMAL
user_normal_141,1222,2165,818,3.99,83.6,134.1,12.6,NORMAL
user_normal_151,1930,4323,4881,2.41,70.7,179.4,18.7,NORMAL
influencer_68,1517,383145,1545,6.85,97.9,31264.5,5698.4,INFLUENCER
user_new_80,73,150,89,1.67,94.2,16.1,1.9,NEW_LEGITIMATE
user_normal_372,1925,2036,2670,2.63,71.4,63.5,4.9,NORMAL
user_suspicious_150,173,26,3274,66.2,31.3,0.4,0.0,SUSPICIOUS
user_normal_149,886,4666,3240,1.71,88.7,246.1,25.9,NORMAL
user_normal_86,1056,1115,423,4.15,99.6,35.7,3.9,NORMAL
user_suspicious_10,12,44,1641,59.57,56.4,0.6,0.0,SUSPICIOUS
user_normal_211,1369,189,223,3.62,94.6,4.4,0.5,NORMAL
user_normal_15,984,2831,2823,4.49,84.2,83.7,10.2,NORMAL
user_normal_171,1311,3621,360,2.58,99.7,72.5,5.0,NORMAL
bot_like_56,10,5,3824,81.23,24.1,0.0,0.0,BOT_LIKE
user_normal_21,1486,4129,2725,2.09,79.1,137.0,14.2,NORMAL
influencer_43,1277,110625,1677,2.16,98.7,9158.0,1141.5,INFLUENCER
user_normal_295,952,2137,2617,1.69,70.6,56.8,8.3,NORMAL
user_normal_75,1273,3586,1860,4.0,86.8,193.4,27.2,NORMAL
user_new_12,80,178,171,3.07,78.5,18.1,2.7,NEW_LEGITIMATE
incomplete_22,284,430,571,5.55,6.5,33.2,3.0,INCOMPLETE_PROFILE
user_normal_78,1711,3540,873,2.88,83.1,298.0,44.0,NORMAL
incomplete_5,388,544,543,1.96,31.2,40.1,2.3,INCOMPLETE_PROFILE
user_suspicious_143,1,62,2381,78.11,27.1,0.9,0.0,SUSPICIOUS
influencer_85,2324,323804,762,7.66,90.1,48110.9,8690.4,INFLUENCER
user_new_60,27,130,160,0.5,91.5,5.7,0.8,NEW_LEGITIMATE
bot_like_26,28,12,3241,93.13,30.6,0.0,0.0,BOT_LIKE
user_suspicious_153,122,88,4770,47.87,22.5,0.2,0.0,SUSPICIOUS
user_normal_395,542,1357,1636,0.61,92.7,76.9,6.1,NORMAL
user_new_83,78,67,289,3.45,63.4,5.4,0.5,NEW_LEGITIMATE
bot_like_55,1,25,1595,34.79,20.9,0.1,0.0,BOT_LIKE
low_engagement_25,198,4430,124,5.22,51.2,3.2,0.1,LOW_ENGAGEMENT
user_suspicious_164,51,47,3434,54.8,20.7,0.2,0.0,SUSPICIOUS
user_normal_118,1753,2138,1168,4.68,94.9,207.8,13.0,NORMAL
bot_like_60,15,31,1524,83.88,23.8,0.0,0.0,BOT_LIKE
user_suspicious_12,108,44,4382,18.38,21.3,0.4,0.0,SUSPICIOUS
user_new_39,28,25,194,1.27,64.6,2.7,0.3,NEW_LEGITIMATE
user_normal_274,972,4359,144,2.69,88.2,353.9,23.9,NORMAL
